,avg_score,ci_bound,cv_scores,feature_idx,std_dev,std_err
1,-0.0157213763318,0.012099754525,[-0.0043281  -0.00674632 -0.02887907 -0.01522554 -0.02342786],"(32,)",0.0094140200889,0.00470701004445
2,-0.0115941537775,0.00593224628292,[-0.00877192 -0.0067635  -0.02022707 -0.0107831  -0.01142517],"(32, 8)",0.00461548914602,0.00230774457301
3,-0.0106021546785,0.00539136117674,[-0.00814734 -0.00565909 -0.0175832  -0.00872562 -0.01289552],"(32, 8, 34)",0.00419466215776,0.00209733107888
4,-0.0102683608061,0.00560408869428,[-0.00668988 -0.00503126 -0.0166859  -0.00914762 -0.01378714],"(32, 8, 34, 57)",0.00436017139346,0.00218008569673
5,-0.00999377193931,0.00518229608734,[-0.00645543 -0.00561045 -0.01572031 -0.00841278 -0.01376989],"(32, 8, 34, 45, 57)",0.00403200241558,0.00201600120779
6,-0.00959110843464,0.00513073069625,[-0.00548711 -0.00458052 -0.01518579 -0.01101084 -0.01169128],"(32, 34, 8, 57, 44, 45)",0.00399188278947,0.00199594139473
7,-0.00955067553575,0.00495024764806,[-0.00556062 -0.00465396 -0.0147929  -0.01110078 -0.01164512],"(32, 34, 4, 8, 57, 44, 45)",0.00385146084637,0.00192573042319
